﻿SourceFile,SourceFileSha1,Reason
C:\Users\Vickey\AppData\Local\Microsoft\OneDrive\settings\Personal\logUploaderSettings_temp.ini,3408A17D850B0E944437211A1BBE487296D12A64,Deduped
C:\Windows\System32\winevt\logs\Microsoft-Windows-Audio%4PlaybackManager.evtx,C70BFFF0A559AF8CB76AD80A504DD55BD6CC484D,Deduped
C:\Windows\System32\winevt\logs\Microsoft-Windows-Kernel-PnP%4Driver Watchdog.evtx,C70BFFF0A559AF8CB76AD80A504DD55BD6CC484D,Deduped
C:\Windows\System32\winevt\logs\Microsoft-Windows-LAPS%4Operational.evtx,B5A6155E744701D266AF0D26A128AF58B146DF8C,Deduped
C:\Windows\System32\winevt\logs\Microsoft-Windows-MUI%4Admin.evtx,C70BFFF0A559AF8CB76AD80A504DD55BD6CC484D,Deduped
C:\Windows\System32\winevt\logs\Microsoft-Windows-UserSettingsBackup-BackupUnitProcessor%4Operational.evtx,B5A6155E744701D266AF0D26A128AF58B146DF8C,Deduped
C:\Windows\System32\winevt\logs\Microsoft-Windows-UserSettingsBackup-Orchestrator%4Operational.evtx,B5A6155E744701D266AF0D26A128AF58B146DF8C,Deduped
C:\Windows\System32\winevt\logs\Microsoft-Windows-VPN%4Operational.evtx,B5A6155E744701D266AF0D26A128AF58B146DF8C,Deduped
C:\Windows\System32\winevt\logs\Microsoft-Windows-WinHttp%4Operational.evtx,B5A6155E744701D266AF0D26A128AF58B146DF8C,Deduped
C:\Windows\System32\winevt\logs\Microsoft-Windows-WinINet%4Operational.evtx,B5A6155E744701D266AF0D26A128AF58B146DF8C,Deduped
C:\Users\Vickey\AppData\Roaming\Microsoft\Windows\Recent\CustomDestinations\8e4e81d9adc545b8.customDestinations-ms,707C3647EEC303E0801EFDF2D4636B3D409F42B9,Deduped
C:\Windows\System32\SRU\SRUres00002.jrs,1ADC95BEBE9EEA8C112D40CD04AB7A8D75C4F961,Deduped
C:\Windows\System32\SRU\SRUtmp.log,1ADC95BEBE9EEA8C112D40CD04AB7A8D75C4F961,Deduped
C:\Users\Vickey\AppData\Local\Google\Chrome\User Data\Default\Favicons-journal,DA39A3EE5E6B4B0D3255BFEF95601890AFD80709,Deduped
C:\Users\Vickey\AppData\Local\Google\Chrome\User Data\Default\History-journal,DA39A3EE5E6B4B0D3255BFEF95601890AFD80709,Deduped
C:\Users\Vickey\AppData\Local\Google\Chrome\User Data\Default\Shortcuts-journal,DA39A3EE5E6B4B0D3255BFEF95601890AFD80709,Deduped
C:\Users\Vickey\AppData\Local\Google\Chrome\User Data\Default\Top Sites-journal,DA39A3EE5E6B4B0D3255BFEF95601890AFD80709,Deduped
C:\Users\Vickey\AppData\Local\Google\Chrome\User Data\Default\Web Data-journal,DA39A3EE5E6B4B0D3255BFEF95601890AFD80709,Deduped
C:\Users\Vickey\AppData\Local\Google\Chrome\User Data\Default\Network\Cookies-journal,DA39A3EE5E6B4B0D3255BFEF95601890AFD80709,Deduped
C:\Users\Vickey\AppData\Local\Microsoft\Edge\User Data\Default\Favicons-journal,DA39A3EE5E6B4B0D3255BFEF95601890AFD80709,Deduped
C:\Users\Vickey\AppData\Local\Microsoft\Edge\User Data\Default\Shortcuts-journal,DA39A3EE5E6B4B0D3255BFEF95601890AFD80709,Deduped
C:\Users\Vickey\AppData\Local\Microsoft\Edge\User Data\Default\Top Sites-journal,DA39A3EE5E6B4B0D3255BFEF95601890AFD80709,Deduped
C:\Users\Vickey\AppData\Local\Microsoft\Edge\User Data\Default\WebAssistDatabase-journal,DA39A3EE5E6B4B0D3255BFEF95601890AFD80709,Deduped
C:\Users\Vickey\AppData\Local\Microsoft\Internet Explorer\CacheStorage\.inUse,DA39A3EE5E6B4B0D3255BFEF95601890AFD80709,Deduped
C:\Users\Vickey\AppData\Local\Microsoft\Internet Explorer\CacheStorage\edbres00002.jrs,6A521E1D2A632C26E53B83D2CC4B0EDECFC1E68C,Deduped
C:\Users\Vickey\AppData\Local\Microsoft\Internet Explorer\CacheStorage\edbtmp.log,6A521E1D2A632C26E53B83D2CC4B0EDECFC1E68C,Deduped
C:\Users\Vickey\AppData\Roaming\Microsoft\Internet Explorer\Quick Launch\desktop.ini,1E2F6397843C518728AFFEB462127D70EAB34E91,Deduped
C:\Users\Vickey\AppData\Roaming\Microsoft\Internet Explorer\Quick Launch\Shows Desktop.lnk,50B633A4CA28210CA882467CBC0D717D3283AC75,Deduped
C:\Users\Vickey\AppData\Roaming\Microsoft\Internet Explorer\Quick Launch\Window Switcher.lnk,B118670620D7214224C7ED2DC14EE67D7A49C044,Deduped
C:\Users\Vickey\AppData\Local\Microsoft\Windows\History\History.IE5\container.dat,DA39A3EE5E6B4B0D3255BFEF95601890AFD80709,Deduped
C:\Users\Vickey\AppData\Local\Microsoft\Windows\History\History.IE5\MSHist012024051320240514\container.dat,DA39A3EE5E6B4B0D3255BFEF95601890AFD80709,Deduped
C:\Users\Vickey\AppData\Local\Microsoft\Windows\History\History.IE5\MSHist012024051420240515\container.dat,DA39A3EE5E6B4B0D3255BFEF95601890AFD80709,Deduped
C:\Users\Vickey\AppData\Local\Microsoft\Windows\History\History.IE5\MSHist012024051520240516\container.dat,DA39A3EE5E6B4B0D3255BFEF95601890AFD80709,Deduped
C:\Users\Vickey\AppData\Local\Microsoft\Windows\WebCache\V01res00001.jrs,6A521E1D2A632C26E53B83D2CC4B0EDECFC1E68C,Deduped
C:\Users\Vickey\AppData\Local\Microsoft\Windows\WebCache\V01res00002.jrs,6A521E1D2A632C26E53B83D2CC4B0EDECFC1E68C,Deduped
C:\Users\Vickey\AppData\Local\Microsoft\Windows\INetCookies\ESE\container.dat,DA39A3EE5E6B4B0D3255BFEF95601890AFD80709,Deduped
C:\Windows\System32\winevt\Logs\Microsoft-Windows-Windows Defender%4WHC.evtx,C70BFFF0A559AF8CB76AD80A504DD55BD6CC484D,Deduped
C:\Windows\System32\winevt\logs\HardwareEvents.evtx,C70BFFF0A559AF8CB76AD80A504DD55BD6CC484D,Deduped
C:\Windows\System32\winevt\logs\Internet Explorer.evtx,C70BFFF0A559AF8CB76AD80A504DD55BD6CC484D,Deduped
C:\Windows\System32\winevt\logs\Key Management Service.evtx,C70BFFF0A559AF8CB76AD80A504DD55BD6CC484D,Deduped
C:\Windows\System32\winevt\logs\Microsoft-Windows-Application-Experience%4Program-Compatibility-Assistant.evtx,C70BFFF0A559AF8CB76AD80A504DD55BD6CC484D,Deduped
C:\Windows\System32\winevt\logs\Microsoft-Windows-AppXDeploymentServer%4Restricted.evtx,C70BFFF0A559AF8CB76AD80A504DD55BD6CC484D,Deduped
C:\Windows\System32\winevt\logs\Microsoft-Windows-Crypto-DPAPI%4BackUpKeySvc.evtx,C70BFFF0A559AF8CB76AD80A504DD55BD6CC484D,Deduped
C:\Windows\System32\winevt\logs\Microsoft-Windows-Dhcpv6-Client%4Admin.evtx,C70BFFF0A559AF8CB76AD80A504DD55BD6CC484D,Deduped
C:\Windows\System32\winevt\logs\Microsoft-Windows-Diagnosis-Scheduled%4Operational.evtx,C70BFFF0A559AF8CB76AD80A504DD55BD6CC484D,Deduped
C:\Windows\System32\winevt\logs\Microsoft-Windows-FileHistory-Core%4WHC.evtx,C70BFFF0A559AF8CB76AD80A504DD55BD6CC484D,Deduped
C:\Windows\System32\winevt\logs\Microsoft-Windows-HotspotAuth%4Operational.evtx,C70BFFF0A559AF8CB76AD80A504DD55BD6CC484D,Deduped
C:\Windows\System32\winevt\logs\Microsoft-Windows-Kernel-Power%4Thermal-Operational.evtx,C70BFFF0A559AF8CB76AD80A504DD55BD6CC484D,Deduped
C:\Windows\System32\winevt\logs\Microsoft-Windows-Kernel-StoreMgr%4Operational.evtx,C70BFFF0A559AF8CB76AD80A504DD55BD6CC484D,Deduped
C:\Windows\System32\winevt\logs\Microsoft-Windows-Kernel-WHEA%4Errors.evtx,C70BFFF0A559AF8CB76AD80A504DD55BD6CC484D,Deduped
C:\Windows\System32\winevt\logs\Microsoft-Windows-Program-Compatibility-Assistant%4CompatAfterUpgrade.evtx,C70BFFF0A559AF8CB76AD80A504DD55BD6CC484D,Deduped
C:\Windows\System32\winevt\logs\Microsoft-Windows-Provisioning-Diagnostics-Provider%4AutoPilot.evtx,C70BFFF0A559AF8CB76AD80A504DD55BD6CC484D,Deduped
C:\Windows\System32\winevt\logs\Microsoft-Windows-Provisioning-Diagnostics-Provider%4ManagementService.evtx,C70BFFF0A559AF8CB76AD80A504DD55BD6CC484D,Deduped
C:\Windows\System32\winevt\logs\Microsoft-Windows-PushNotification-Platform%4Admin.evtx,C70BFFF0A559AF8CB76AD80A504DD55BD6CC484D,Deduped
C:\Windows\System32\winevt\logs\Microsoft-Windows-Security-Mitigations%4UserMode.evtx,C70BFFF0A559AF8CB76AD80A504DD55BD6CC484D,Deduped
C:\Windows\System32\winevt\logs\Microsoft-Windows-SettingSync%4Operational.evtx,C70BFFF0A559AF8CB76AD80A504DD55BD6CC484D,Deduped
C:\Windows\System32\winevt\logs\Microsoft-Windows-Shell-ConnectedAccountState%4ActionCenter.evtx,C70BFFF0A559AF8CB76AD80A504DD55BD6CC484D,Deduped
C:\Windows\System32\winevt\logs\Microsoft-Windows-Shell-Core%4ActionCenter.evtx,C70BFFF0A559AF8CB76AD80A504DD55BD6CC484D,Deduped
C:\Windows\System32\winevt\logs\Microsoft-Windows-Shell-Core%4LogonTasksChannel.evtx,C70BFFF0A559AF8CB76AD80A504DD55BD6CC484D,Deduped
C:\Windows\System32\winevt\logs\Microsoft-Windows-SmbClient%4Audit.evtx,C70BFFF0A559AF8CB76AD80A504DD55BD6CC484D,Deduped
C:\Windows\System32\winevt\logs\Microsoft-Windows-SMBClient%4Operational.evtx,C70BFFF0A559AF8CB76AD80A504DD55BD6CC484D,Deduped
C:\Windows\System32\winevt\logs\Microsoft-Windows-SmbClient%4Security.evtx,C70BFFF0A559AF8CB76AD80A504DD55BD6CC484D,Deduped
C:\Windows\System32\winevt\logs\Microsoft-Windows-SMBServer%4Audit.evtx,C70BFFF0A559AF8CB76AD80A504DD55BD6CC484D,Deduped
C:\Windows\System32\winevt\logs\Microsoft-Windows-SMBServer%4Connectivity.evtx,C70BFFF0A559AF8CB76AD80A504DD55BD6CC484D,Deduped
C:\Windows\System32\winevt\logs\Microsoft-Windows-SMBServer%4Security.evtx,C70BFFF0A559AF8CB76AD80A504DD55BD6CC484D,Deduped
C:\Windows\System32\winevt\logs\Microsoft-Windows-StateRepository%4Restricted.evtx,C70BFFF0A559AF8CB76AD80A504DD55BD6CC484D,Deduped
C:\Windows\System32\winevt\logs\Microsoft-Windows-StorageSpaces-Driver%4Diagnostic.evtx,C70BFFF0A559AF8CB76AD80A504DD55BD6CC484D,Deduped
C:\Windows\System32\winevt\logs\Microsoft-Windows-StorageSpaces-ManagementAgent%4WHC.evtx,C70BFFF0A559AF8CB76AD80A504DD55BD6CC484D,Deduped
C:\Windows\System32\winevt\logs\Microsoft-Windows-TerminalServices-LocalSessionManager%4Admin.evtx,C70BFFF0A559AF8CB76AD80A504DD55BD6CC484D,Deduped
C:\Windows\System32\winevt\logs\Microsoft-Windows-UserPnp%4ActionCenter.evtx,C70BFFF0A559AF8CB76AD80A504DD55BD6CC484D,Deduped
C:\Windows\System32\winevt\logs\Microsoft-Windows-Windows Firewall With Advanced Security%4ConnectionSecurity.evtx,C70BFFF0A559AF8CB76AD80A504DD55BD6CC484D,Deduped
C:\Windows\System32\winevt\logs\Microsoft-Windows-WindowsBackup%4ActionCenter.evtx,C70BFFF0A559AF8CB76AD80A504DD55BD6CC484D,Deduped
C:\Windows\System32\winevt\logs\Microsoft-Windows-WorkFolders%4WHC.evtx,C70BFFF0A559AF8CB76AD80A504DD55BD6CC484D,Deduped
C:\Users\Vickey\AppData\Local\Packages\Microsoft.SkypeApp_kzf8qxf38zg5c\SystemAppData\Helium\User.dat.LOG2,DA39A3EE5E6B4B0D3255BFEF95601890AFD80709,Deduped
C:\Users\Vickey\AppData\Local\Packages\Microsoft.SkypeApp_kzf8qxf38zg5c\SystemAppData\Helium\UserClasses.dat.LOG2,DA39A3EE5E6B4B0D3255BFEF95601890AFD80709,Deduped
C:\Users\Vickey\AppData\Local\Microsoft\Edge\User Data\Default\Web Data-journal,DA39A3EE5E6B4B0D3255BFEF95601890AFD80709,Deduped
